"","ColonyID","Species","Phenotype","Timepoint","Without_wax_weight_g","With_wax_weight_g","delta.mass.g","surface.area.cm2","Notes"
"1","1","Montipora capitata","Susceptible","April_2023",5.063,5.827,0.764,22.9137036334046,""
"2","2","Montipora capitata","Resistant","April_2023",3.095,3.401,0.306,9.17747815683483,""
"3","3","Montipora capitata","Susceptible","April_2023",1.224,1.38,0.156,4.67871435446482,""
"4","4","Montipora capitata","Resistant","April_2023",2.478,2.802,0.324,9.71732981311924,""
"5","11","Montipora capitata","Susceptible","April_2023",1.445,1.666,0.221,6.62817866882516,""
"6","12","Montipora capitata","Resistant","April_2023",1.365,1.606,0.241,7.2280138424745,""
"7","15","Montipora capitata","Susceptible","April_2023",2.141,2.375,0.234,7.01807153169723,""
"8","16","Montipora capitata","Resistant","April_2023",3.246,3.672,0.426,12.7764891987309,""
"9","19","Montipora capitata","Susceptible","April_2023",2.594,3.308,0.714,21.4141156992813,""
"10","20","Montipora capitata","Resistant","April_2023",2.992,3.368,0.376,11.2769012646075,""
"11","26","Porites compressa","Resistant","April_2023",4.209,4.498,0.289000000000001,8.66761825923292,""
"12","27","Porites compressa","Susceptible","April_2023",3.963,4.394,0.431,12.9264479921432,""
"13","28","Porites compressa","Resistant","April_2023",4.039,4.418,0.379,11.3668765406549,""
"14","29","Porites compressa","Susceptible","April_2023",6.776,7.175,0.399,11.9667117143043,""
"15","41","Porites compressa","Susceptible","April_2023",3.722,3.986,0.264,7.91782429217124,""
"16","42","Porites compressa","Resistant","April_2023",4.502,4.63,0.128,3.83894511135575,""
"17","43","Porites compressa","Susceptible","April_2023",5.168,5.596,0.428,12.8364727160958,""
"18","44","Porites compressa","Resistant","April_2023",2.731,2.912,0.181,5.42850832152649,""
"19","45","Porites compressa","Susceptible","April_2023",6.792,7.221,0.429,12.8664644747783,""
"20","46","Porites compressa","Resistant","April_2023",7.104,7.386,0.282,8.45767594845564,""
"21","201","Montipora capitata","Susceptible","April_2023",2.863,3.195,0.332,9.95726388257897,""
"22","202","Montipora capitata","Resistant","April_2023",2.164,2.434,0.27,8.09777484426604,""
"23","203","Montipora capitata","Susceptible","April_2023",2.641,3.017,0.376,11.2769012646075,""
"24","204","Montipora capitata","Resistant","April_2023",2,2.219,0.219,6.56819515146022,""
"25","206","Montipora capitata","Resistant","April_2023",2.73,3.111,0.381,11.4268600580199,""
"26","207","Montipora capitata","Susceptible","April_2023",1.956,2.252,0.296,8.87756057001017,""
"27","208","Montipora capitata","Resistant","April_2023",1.915,2.285,0.37,11.0969507125127,""
"28","209","Montipora capitata","Susceptible","April_2023",2.212,2.546,0.334,10.0172473999439,""
"29","210","Montipora capitata","Resistant","April_2023",1.923,2.214,0.291,8.72760177659783,""
"30","211","Montipora capitata","Susceptible","April_2023",2.733,3.022,0.289,8.6676182592329,""
"31","212","Montipora capitata","Resistant","April_2023",1.693,2.007,0.314,9.41741222629457,""
"32","213","Montipora capitata","Susceptible","April_2023",3.567,3.797,0.23,6.89810449696736,""
"33","214","Montipora capitata","Resistant","April_2023",2.651,2.879,0.228,6.83812097960244,""
"34","217","Montipora capitata","Susceptible","April_2023",1.49,1.8,0.31,9.29744519156471,""
"35","218","Montipora capitata","Resistant","April_2023",1.879,2.074,0.195,5.84839294308102,""
"36","219","Montipora capitata","Susceptible","April_2023",2.137,2.311,0.174,5.21856601074922,""
"37","220","Montipora capitata","Resistant","April_2023",2.866,3.079,0.213,6.38824459936543,""
"38","221","Montipora capitata","Susceptible","April_2023",4.027,4.216,0.189,5.66844239098623,""
"39","222","Montipora capitata","Resistant","April_2023",1.541,1.7,0.159,4.76868963051222,""
"40","225","Porites compressa","Susceptible","April_2023",6.069,6.308,0.239,7.16803032510956,""
"41","226","Porites compressa","Resistant","April_2023",5.852,6.041,0.189,5.66844239098623,""
"42","233","Porites compressa","Susceptible","April_2023",6.432,6.774,0.342,10.2571814694036,""
"43","234","Porites compressa","Resistant","April_2023",9.201,9.483,0.282,8.45767594845564,""
"44","235","Porites compressa","Susceptible","April_2023",8.01,8.643,0.633000000000001,18.9847832460015,""
"45","236","Porites compressa","Resistant","April_2023",4.782,5.027,0.245,7.34798087720437,""
"46","237","Porites compressa","Susceptible","April_2023",2.238,2.456,0.218,6.53820339277776,""
"47","238","Porites compressa","Resistant","April_2023",2.137,2.353,0.216,6.47821987541283,""
"48","240","Porites compressa","Resistant","April_2023",5.502,5.968,0.466,13.9761595460295,""
"49","241","Porites compressa","Susceptible","April_2023",5.465,5.635,0.17,5.09859897601935,""
"50","242","Porites compressa","Resistant","April_2023",2.897,3.128,0.231,6.92809625564984,""
"51","243","Porites compressa","Susceptible","April_2023",2.091,2.153,0.0619999999999998,1.85948903831294,""
"52","248","Porites compressa","Resistant","April_2023",6.285,6.732,0.447,13.4063161310627,""
"53","1","Montipora capitata","Susceptible","September_2023",2.93,3.448,0.518,12.302676257176,""
"54","2","Montipora capitata","Resistant","September_2023",2.856,3.267,0.411,9.76138984884044,""
"55","3","Montipora capitata","Susceptible","September_2023",2.226,2.609,0.383,9.09638032142552,""
"56","4","Montipora capitata","Resistant","September_2023",3.976,4.366,0.39,9.26263270327924,""
"57","19","Montipora capitata","Susceptible","September_2023",2.762,3.115,0.353,8.38387011348096,""
"58","20","Montipora capitata","Resistant","September_2023",2.054,2.405,0.351,8.33636943295132,""
"59","26","Porites compressa","Resistant","September_2023",2.174,2.368,0.194,4.6075660113748,""
"60","27","Porites compressa","Susceptible","September_2023",2.733,3.043,0.31,7.36260548209376,""
"61","28","Porites compressa","Resistant","September_2023",2.791,3.113,0.322,7.64760956527158,""
"62","29","Porites compressa","Susceptible","September_2023",2.337,2.529,0.192,4.56006533084516,""
"63","41","Porites compressa","Susceptible","September_2023",2.807,3.106,0.299,7.10135173918075,""
"64","42","Porites compressa","Resistant","September_2023",1.548,1.707,0.159,3.77630410210615,""
"65","43","Porites compressa","Susceptible","September_2023",3.499,3.871,0.372,8.83512657851251,""
"66","44","Porites compressa","Resistant","September_2023",1.858,2.077,0.219,5.20132451799527,""
"67","45","Porites compressa","Susceptible","September_2023",2.338,2.587,0.249,5.91383472593983,""
"68","46","Porites compressa","Resistant","September_2023",3.215,3.732,0.517,12.2789259169112,""
"69","201","Montipora capitata","Susceptible","September_2023",2.65,3.025,0.375,8.90637759930697,""
"70","202","Montipora capitata","Resistant","September_2023",3.236,3.66,0.424,10.0701442722831,""
"71","203","Montipora capitata","Susceptible","September_2023",3.481,3.945,0.464,11.0201578828758,""
"72","204","Montipora capitata","Resistant","September_2023",2.606,2.988,0.382,9.0726299811607,""
"73","205","Montipora capitata","Susceptible","September_2023",1.549,1.82,0.271,6.43634221176584,""
"74","206","Montipora capitata","Resistant","September_2023",1.029,1.231,0.202,4.79756873349336,""
"75","209","Montipora capitata","Susceptible","September_2023",2.529,2.958,0.429,10.1888959736072,""
"76","210","Montipora capitata","Resistant","September_2023",3.954,4.449,0.495,11.7564184310852,""
"77","211","Montipora capitata","Susceptible","September_2023",1.251,1.455,0.204,4.84506941402299,""
"78","212","Montipora capitata","Resistant","September_2023",1.102,1.256,0.154,3.65755240078206,""
"79","214","Montipora capitata","Resistant","September_2023",1.324,1.568,0.244,5.79508302461573,""
"80","219","Montipora capitata","Susceptible","September_2023",0.918,1.047,0.129,3.06379389416159,""
"81","220","Montipora capitata","Resistant","September_2023",2.053,2.303,0.25,5.93758506620464,""
"82","221","Montipora capitata","Susceptible","September_2023",1.688,1.878,0.19,4.51256465031553,""
"83","225","Porites compressa","Susceptible","September_2023",1.489,1.691,0.202,4.79756873349335,""
"84","226","Porites compressa","Resistant","September_2023",2.701,2.915,0.214,5.08257281667117,""
"85","233","Porites compressa","Susceptible","September_2023",2.114,2.356,0.242,5.7475823440861,""
"86","234","Porites compressa","Resistant","September_2023",2.614,2.858,0.244,5.79508302461574,""
"87","235","Porites compressa","Susceptible","September_2023",1.083,1.227,0.144,3.42004899813388,""
"88","236","Porites compressa","Resistant","September_2023",1.849,2.072,0.223,5.29632587905455,""
"89","237","Porites compressa","Susceptible","September_2023",2.53,2.815,0.285,6.7688469754733,""
"90","238","Porites compressa","Resistant","September_2023",1.881,2.109,0.228,5.41507758037864,""
"91","239","Porites compressa","Susceptible","September_2023",2.223,2.492,0.269,6.3888415312362,""
"92","240","Porites compressa","Resistant","September_2023",2.681,3.035,0.354,8.40762045374578,""
"93","241","Porites compressa","Susceptible","September_2023",2.502,2.722,0.22,5.22507485826009,""
"94","242","Porites compressa","Resistant","September_2023",2.287,2.499,0.212,5.03507213614154,""
"95","243","Porites compressa","Susceptible","September_2023",1.844,2.008,0.164,3.89505580343025,""
"96","244","Porites compressa","Resistant","September_2023",2.645,2.882,0.237,5.62883064276201,""
"97","247","Porites compressa","Susceptible","September_2023",2.169,2.431,0.262,6.22258914938247,""
"98","248","Porites compressa","Resistant","September_2023",2.076,2.283,0.207,4.91632043481744,""
"99","1","Montipora capitata","Susceptible","January_2024",4.9087,5.725,0.8163,32.4791729160174,""
"100","2","Montipora capitata","Resistant","January_2024",5.5159,6.2762,0.7603,30.2510292393091,""
"101","3","Montipora capitata","Susceptible","January_2024",2.0158,2.4469,0.4311,17.1527274826597,""
"102","4","Montipora capitata","Resistant","January_2024",4.1144,4.7292,0.6148,24.4618345078617,""
"103","12","Montipora capitata","Resistant","January_2024",4.497,5.2599,0.7629,30.3544787671563,""
"104","19","Montipora capitata","Susceptible","January_2024",2.4551,3.0008,0.5457,21.7124643639234,""
"105","20","Montipora capitata","Resistant","January_2024",5.0109,5.8668,0.855899999999999,34.0547888016896,""
"106","26","Porites compressa","Resistant","January_2024",4.8718,5.2716,0.3998,15.9073543204995,""
"107","27","Porites compressa","Susceptible","January_2024",7.0802,7.6993,0.6191,24.6329241116089,""
"108","28","Porites compressa","Resistant","January_2024",4.1446,4.5583,0.4137,16.4604114116825,""
"109","29","Porites compressa","Susceptible","January_2024",8.3601,9.068,0.7079,28.1661233703892,""
"110","41","Porites compressa","Susceptible","January_2024",4.6213,5.2082,0.5869,23.3517414975017,""
"111","42","Porites compressa","Resistant","January_2024",5.5811,6.0952,0.5141,20.4551547177809,""
"112","43","Porites compressa","Susceptible","January_2024",5.9732,6.4782,0.505,20.0930813703158,""
"113","44","Porites compressa","Resistant","January_2024",4.0099,4.3702,0.3603,14.3357172628213,""
"114","45","Porites compressa","Susceptible","January_2024",3.6013,3.963,0.3617,14.391420854739,""
"115","46","Porites compressa","Resistant","January_2024",8.4395,9.2025,0.763,30.3584575951504,""
"116","201","Montipora capitata","Susceptible","January_2024",6.5051,7.278,0.7729,30.7523615665685,""
"117","202","Montipora capitata","Resistant","January_2024",9.1058,10.2187,1.1129,44.280376746583,""
"118","203","Montipora capitata","Susceptible","January_2024",3.1456,3.6435,0.4979,19.8105845827331,""
"119","204","Montipora capitata","Resistant","January_2024",3.4741,4.0164,0.5423,21.5771842121233,""
"120","205","Montipora capitata","Susceptible","January_2024",1.7854,2.1593,0.3739,14.8768378700219,""
"121","206","Montipora capitata","Resistant","January_2024",1.96,2.3558,0.3958,15.7482012007346,""
"122","209","Montipora capitata","Susceptible","January_2024",5.1331,5.8953,0.7622,30.3266269711974,""
"123","210","Montipora capitata","Resistant","January_2024",3.3036,3.9301,0.6265,24.9273573831739,""
"124","211","Montipora capitata","Susceptible","January_2024",3.7847,4.524,0.7393,29.4154753605435,""
"125","212","Montipora capitata","Resistant","January_2024",2.7829,3.1761,0.3932,15.6447516728875,""
"126","213","Montipora capitata","Susceptible","January_2024",3.1907,3.7642,0.5735,22.8185785462893,""
"127","214","Montipora capitata","Resistant","January_2024",0.8368,1.0697,0.2329,9.26669039831,""
"128","219","Montipora capitata","Susceptible","January_2024",3.506,4.506,1,39.7882799412194,"Dropped in wax"
"129","220","Montipora capitata","Resistant","January_2024",3.3861,3.9373,0.5512,21.9312999036001,""
"130","221","Montipora capitata","Susceptible","January_2024",3.6151,4.1987,0.5836,23.2204401736956,""
"131","225","Porites compressa","Susceptible","January_2024",8.5311,9.4342,0.9031,35.9327956149152,""
"132","226","Porites compressa","Resistant","January_2024",9.6992,10.5589,0.8597,34.2059842654663,""
"133","233","Porites compressa","Susceptible","January_2024",5.9148,6.5668,0.652,25.941958521675,""
"134","234","Porites compressa","Resistant","January_2024",6.3031,6.8321,0.529,21.0480000889051,""
"135","235","Porites compressa","Susceptible","January_2024",6.4411,7.1575,0.7164,28.5043237498896,""
"136","236","Porites compressa","Resistant","January_2024",6.0652,6.7105,0.6453,25.6753770460689,""
"137","237","Porites compressa","Susceptible","January_2024",5.4604,5.9551,0.4947,19.6832620869212,""
"138","238","Porites compressa","Resistant","January_2024",3.4248,3.7081,0.2833,11.2720197073475,""
"139","239","Porites compressa","Susceptible","January_2024",5.1846,5.5781,0.3935,15.6566881568698,""
"140","240","Porites compressa","Resistant","January_2024",3.3874,3.6747,0.2873,11.4311728271123,""
"141","241","Porites compressa","Susceptible","January_2024",7.7339,8.5021,0.7682,30.5653566508447,""
"142","242","Porites compressa","Resistant","January_2024",5.4569,6.0295,0.5726,22.7827690943422,""
"143","243","Porites compressa","Susceptible","January_2024",5.7742,6.3655,0.591299999999999,23.526809929243,""
"144","244","Porites compressa","Resistant","January_2024",6.4237,6.9809,0.5572,22.1700295832474,""
"145","247","Porites compressa","Susceptible","January_2024",7.0335,7.6819,0.6484,25.7987207138866,""
"146","248","Porites compressa","Resistant","January_2024",5.8809,6.3511,0.4702,18.7084492283614,""
"147","1","Montipora capitata","Susceptible","May_2024",3.0905,3.5594,0.4689,10.6837636555434,""
"148","2","Montipora capitata","Resistant","May_2024",2.6384,3.2776,0.6392,14.5640045396105,""
"149","3","Montipora capitata","Susceptible","May_2024",1.4658,1.8136,0.3478,7.92453188184689,""
"150","4","Montipora capitata","Resistant","May_2024",3.5062,4.0065,0.5003,11.3992044292352,""
"151","12","Montipora capitata","Resistant","May_2024",1.7534,2.0593,0.3059,6.96985135899069,""
"152","19","Montipora capitata","Susceptible","May_2024",2.1779,4.4463,2.2684,51.6848997147254,"May be overestimation "
"153","20","Montipora capitata","Resistant","May_2024",2.5349,3.0225,0.4876,11.1098382564363,""
"154","26","Porites compressa","Resistant","May_2024",3.7867,4.1552,0.3685,8.39617595877106,""
"155","27","Porites compressa","Susceptible","May_2024",2.8378,3.1289,0.2911,6.63263723635891,""
"156","28","Porites compressa","Resistant","May_2024",4.7765,5.4005,0.624,14.2176765217724,""
"157","29","Porites compressa","Susceptible","May_2024",4.6988,5.1612,0.4624,10.5356628584416,""
"158","41","Porites compressa","Susceptible","May_2024",2.9568,3.2532,0.2964,6.75339634784192,""
"159","42","Porites compressa","Resistant","May_2024",2.6487,2.9358,0.2871,6.54149828429627,""
"160","43","Porites compressa","Susceptible","May_2024",7.8219,8.5233,0.7014,15.9812152441846,""
"161","44","Porites compressa","Resistant","May_2024",4.377,4.7609,0.383900000000001,8.74706092421227,""
"162","201","Montipora capitata","Susceptible","May_2024",5.7933,6.6485,0.8552,19.4855079509933,""
"163","202","Montipora capitata","Resistant","May_2024",5.2783,5.9094,0.6311,14.3794481616836,""
"164","203","Montipora capitata","Susceptible","May_2024",4.0548,5.0011,0.9463,21.56119758422,""
"165","204","Montipora capitata","Resistant","May_2024",2.4906,2.8873,0.3967,9.03870557081271,""
"166","205","Montipora capitata","Susceptible","May_2024",3.0598,4.332,1.2722,28.9867437035239,"May be overestimation"
"167","206","Montipora capitata","Resistant","May_2024",3.1889,3.687,0.4981,11.3490780056007,""
"168","209","Montipora capitata","Susceptible","May_2024",1.3849,1.7063,0.3214,7.32301479823344,""
"169","210","Montipora capitata","Resistant","May_2024",4.6381,5.8471,1.209,27.5467482609341,"May be overestimation"
"170","211","Montipora capitata","Susceptible","May_2024",6.1566,7.065,0.9084,20.6976560134264,""
"171","213","Montipora capitata","Susceptible","May_2024",2.5325,3.1507,0.6182,14.0855250412816,""
"172","214","Montipora capitata","Resistant","May_2024",2.8819,3.5277,0.6458,14.7143838105139,""
"173","219","Montipora capitata","Susceptible","May_2024",1.8615,2.2915,0.43,9.79743734673423,""
"174","220","Montipora capitata","Resistant","May_2024",2.0131,2.4521,0.439,10.0024999888752,""
"175","221","Montipora capitata","Susceptible","May_2024",2.4268,3.1679,0.7411,16.8857693434064,""
"176","225","Porites compressa","Susceptible","May_2024",2.1784,2.3916,0.2132,4.85770614493892,""
"177","233","Porites compressa","Susceptible","May_2024",4.7032,5.1296,0.4264,9.71541228987785,""
"178","234","Porites compressa","Resistant","May_2024",3.0958,3.3779,0.2821,6.42757459421796,""
"179","235","Porites compressa","Susceptible","May_2024",3.5993,3.9504,0.3511,7.99972151729858,""
"180","236","Porites compressa","Resistant","May_2024",1.6927,1.9149,0.2222,5.06276878707987,""
"181","237","Porites compressa","Susceptible","May_2024",3.2682,3.5918,0.3236,7.37314122186789,""
"182","238","Porites compressa","Resistant","May_2024",4.0777,4.3758,0.2981,6.79213040246854,""
"183","239","Porites compressa","Susceptible","May_2024",3.1115,3.4157,0.3042,6.93111730436408,""
"184","240","Porites compressa","Resistant","May_2024",3.7585,4.1141,0.355599999999999,8.10225283836903,""
"185","241","Porites compressa","Susceptible","May_2024",4.6449,5.0587,0.4138,9.42832459088052,""
"186","242","Porites compressa","Resistant","May_2024",5.0434,5.5827,0.5393,12.287809211846,""
"187","243","Porites compressa","Susceptible","May_2024",3.1884,3.4815,0.2931,6.67820671239023,""
"188","244","Porites compressa","Resistant","May_2024",2.6045,2.895,0.2905,6.61896639354952,""
"189","247","Porites compressa","Susceptible","May_2024",4.2585,4.6917,0.4332,9.87034850838434,""
"190","248","Porites compressa","Resistant","May_2024",3.3045,3.6186,0.3141,7.15668621071911,""
"191","1","Montipora capitata","Susceptible","October_2024",3.3684,3.9174,0.549,12.5088211705979,""
"192","2","Montipora capitata","Resistant","October_2024",4.1389,4.8378,0.6989,15.9242533991455,""
"193","3","Montipora capitata","Susceptible","October_2024",3.3883,3.8112,0.4229,9.63566570682303,""
"194","4","Montipora capitata","Resistant","October_2024",5.1658,5.8607,0.6949,15.8331144470828,""
"195","12","Montipora capitata","Resistant","October_2024",4.1583,4.741,0.5827,13.2766668417257,""
"196","19","Montipora capitata","Susceptible","October_2024",2.4425,2.9485,0.506,11.5290774359245,""
"197","20","Montipora capitata","Resistant","October_2024",3.8951,4.5296,0.634500000000001,14.4569162709369,""
"198","26","Porites compressa","Resistant","October_2024",4.7033,5.2417,0.5384,12.2673029476319,""
"199","27","Porites compressa","Susceptible","October_2024",4.4456,4.9307,0.4851,11.0528764113971,""
"200","28","Porites compressa","Resistant","October_2024",3.3026,3.7628,0.4602,10.4855364348072,""
"201","29","Porites compressa","Susceptible","October_2024",3.0881,3.4493,0.3612,8.22984737125675,""
"202","41","Porites compressa","Susceptible","October_2024",2.7768,3.1339,0.3571,8.13642994539254,""
"203","42","Porites compressa","Resistant","October_2024",6.7254,7.3365,0.6111,13.9237534013704,""
"204","43","Porites compressa","Susceptible","October_2024",5.5479,6.0774,0.5295,12.0645187792925,""
"205","44","Porites compressa","Resistant","October_2024",3.9623,4.4122,0.4499,10.2508536332459,""
"206","201","Montipora capitata","Susceptible","October_2024",3.0172,3.4133,0.3961,9.02503472800332,""
"207","202","Montipora capitata","Resistant","October_2024",4.3985,4.9623,0.5638,12.8460352932297,""
"208","203","Montipora capitata","Susceptible","October_2024",1.9879,2.3238,0.3359,7.65339349946052,""
"209","204","Montipora capitata","Resistant","October_2024",4.2963,4.8608,0.564500000000001,12.8619846098406,""
"210","205","Montipora capitata","Susceptible","October_2024",3.9914,4.6681,0.6767,15.4184322151978,""
"211","206","Montipora capitata","Resistant","October_2024",6.9817,8.1889,1.2072,27.5057357325059,"May be an overestimation"
"212","209","Montipora capitata","Susceptible","October_2024",3.2054,3.8081,0.6027,13.7323616020389,""
"213","210","Montipora capitata","Resistant","October_2024",6.0597,7.0884,1.0287,23.4386599967104,""
"214","211","Montipora capitata","Susceptible","October_2024",6.7787,7.8706,1.0919,24.8786554393002,""
"215","213","Montipora capitata","Susceptible","October_2024",1.7448,2.1297,0.3849,8.76984566222792,""
"216","214","Montipora capitata","Resistant","October_2024",3.128,3.7348,0.6068,13.8257790279031,""
"217","219","Montipora capitata","Susceptible","October_2024",4.564,5.4802,0.9162,20.8753769699486,""
"218","220","Montipora capitata","Resistant","October_2024",2.962,3.4617,0.4997,11.3855335864258,""
"219","221","Montipora capitata","Susceptible","October_2024",6.709,8.1361,1.4271,32.5160996221498,"May be an overestimation"
"220","225","Porites compressa","Susceptible","October_2024",3.6632,4.0133,0.3501,7.97693677928292,""
"221","226","Porites compressa","Resistant","October_2024",7.5408,8.2515,0.7107,16.1931133077303,""
"222","233","Porites compressa","Susceptible","October_2024",4.1879,4.5387,0.3508,7.99288609589388,""
"223","234","Porites compressa","Resistant","October_2024",3.9883,4.3867,0.3984,9.07743962543934,""
"224","235","Porites compressa","Susceptible","October_2024",5.2037,5.6443,0.4406,10.0389555697002,""
"225","236","Porites compressa","Resistant","October_2024",3.5941,3.9309,0.3368,7.67389976367461,""
"226","237","Porites compressa","Susceptible","October_2024",3.7849,4.2897,0.5048,11.5017357503057,""
"227","238","Porites compressa","Resistant","October_2024",4.0128,4.5805,0.567699999999999,12.9348957714907,""
"228","239","Porites compressa","Susceptible","October_2024",6.5392,7.2847,0.7455,16.9860221906753,""
"229","240","Porites compressa","Resistant","October_2024",5.5888,6.1386,0.5498,12.5270489610104,""
"230","241","Porites compressa","Susceptible","October_2024",4.8257,5.2982,0.472499999999999,10.7657887123998,""
"231","242","Porites compressa","Resistant","October_2024",4.2634,4.8541,0.5907,13.4589447458509,""
"232","243","Porites compressa","Susceptible","October_2024",8.2341,8.9555,0.721400000000001,16.4369100044979,""
"233","244","Porites compressa","Resistant","October_2024",9.8881,10.6889,0.800800000000001,18.2460182029413,""
"234","247","Porites compressa","Susceptible","October_2024",3.8102,4.2292,0.419,9.54680522856194,""
"235","248","Porites compressa","Resistant","October_2024",8.0724,8.8781,0.8057,18.3576634192181,""
"236","1","Montipora capitata","Susceptible","January_2025",1.9665,2.3359,0.3694,8.41668222298517,""
"237","2","Montipora capitata","Resistant","January_2025",3.0887,3.7938,0.7051,16.0655187748426,""
"238","3","Montipora capitata","Susceptible","January_2025",0.9179,1.0693,0.1514,3.44960933557107,""
"239","4","Montipora capitata","Resistant","January_2025",1.6692,1.9726,0.3034,6.91288951395154,""
"240","12","Montipora capitata","Resistant","January_2025",1.2619,1.484,0.2221,5.0604903132783,""
"241","19","Montipora capitata","Susceptible","January_2025",2.7859,3.2644,0.4785,10.9024971404938,""
"242","20","Montipora capitata","Resistant","January_2025",1.3102,1.6292,0.319,7.26833142699585,""
"243","26","Porites compressa","Resistant","January_2025",7.0388,7.7191,0.6803,15.5004572720542,""
"244","27","Porites compressa","Susceptible","January_2025",7.277,7.9428,0.6658,15.1700785708271,""
"245","28","Porites compressa","Resistant","January_2025",3.7392,4.2222,0.483,11.0050284615643,""
"246","29","Porites compressa","Susceptible","January_2025",2.2552,2.5622,0.307,6.99491457080792,""
"247","43","Porites compressa","Susceptible","January_2025",5.2994,5.8456,0.5462,12.445023904154,""
"248","44","Porites compressa","Resistant","January_2025",2.2447,2.5959,0.3512,8.00199999110014,""
"249","201","Montipora capitata","Susceptible","January_2025",4.9241,5.5738,0.6497,14.8032442887749,""
"250","202","Montipora capitata","Resistant","January_2025",1.8253,2.1015,0.2762,6.29314463992557,""
"251","203","Montipora capitata","Susceptible","January_2025",1.7531,2.1704,0.4173,9.50807117393532,""
"252","204","Montipora capitata","Resistant","January_2025",3.417,4.0071,0.590100000000001,13.4452739030416,""
"253","205","Montipora capitata","Susceptible","January_2025",1.3191,1.5862,0.2671,6.08580352398305,""
"254","206","Montipora capitata","Resistant","January_2025",1.2509,1.596,0.3451,7.86301308920461,""
"255","209","Montipora capitata","Susceptible","January_2025",0.9423,1.1999,0.2576,5.86934851283427,""
"256","210","Montipora capitata","Resistant","January_2025",0.7689,1.0057,0.2368,5.39542596210852,""
"257","211","Montipora capitata","Susceptible","January_2025",1.6053,1.9811,0.3758,8.5625045462854,""
"258","213","Montipora capitata","Susceptible","January_2025",1.7415,2.1619,0.4204,9.57870386178388,""
"259","214","Montipora capitata","Resistant","January_2025",1.0297,1.2761,0.2464,5.61415944705887,""
"260","219","Montipora capitata","Susceptible","January_2025",1.2186,1.435,0.2164,4.93061730658904,""
"261","220","Montipora capitata","Resistant","January_2025",1.0966,1.3127,0.2161,4.92378188518434,""
"262","221","Montipora capitata","Susceptible","January_2025",0.8228,1.0371,0.2143,4.88276935675615,""
"263","225","Porites compressa","Susceptible","January_2025",2.9452,3.2948,0.3496,7.96554441027508,""
"264","226","Porites compressa","Resistant","January_2025",3.5412,3.9831,0.4419,10.0685757291206,""
"265","233","Porites compressa","Susceptible","January_2025",2.3022,2.5779,0.2757,6.28175227091773,""
"266","234","Porites compressa","Resistant","January_2025",6.1887,6.9101,0.7214,16.4369100044978,""
"267","235","Porites compressa","Susceptible","January_2025",4.9442,5.3785,0.434299999999999,9.89541172020155,""
"268","236","Porites compressa","Resistant","January_2025",4.2432,4.7537,0.5105,11.6316087569949,""
"269","237","Porites compressa","Susceptible","January_2025",3.0731,3.4325,0.3594,8.18883484282856,""
"270","238","Porites compressa","Resistant","January_2025",3.6948,4.1993,0.5045,11.494900328901,""
"271","239","Porites compressa","Susceptible","January_2025",2.9791,3.3535,0.3744,8.53060591306347,""
"272","240","Porites compressa","Resistant","January_2025",2.6952,3.0507,0.3555,8.09997436456748,""
"273","241","Porites compressa","Susceptible","January_2025",3.6646,4.0832,0.4186,9.53769133335568,""
"274","242","Porites compressa","Resistant","January_2025",3.7539,4.1922,0.4383,9.98655067226421,""
"275","243","Porites compressa","Susceptible","January_2025",4.3756,4.8705,0.494899999999999,11.2761668439506,""
"276","244","Porites compressa","Resistant","January_2025",4.9061,5.3914,0.4853,11.0574333590003,""
"277","247","Porites compressa","Susceptible","January_2025",4.1734,4.6302,0.4568,10.4080683255539,""
"278","248","Porites compressa","Resistant","January_2025",7.0531,7.7461,0.693000000000001,15.7898234448531,""
"279","1","Montipora capitata","Susceptible","October_2025",6.7896,7.2,0.4104,9.35085648162727,"Modified wax weight, previous weight was overestimation"
"280","2","Montipora capitata","Resistant","October_2025",3.3506,4,0.6494,14.7964088673702,"Modified wax weight, previous weight was overestimation"
"281","3","Montipora capitata","Susceptible","October_2025",1.4843,2.1265,0.6422,14.6323587536575,""
"282","4","Montipora capitata","Resistant","October_2025",7.1726,8.3196,1.147,26.1340945039631,"May be an overestimation"
"283","12","Montipora capitata","Resistant","October_2025",2.7166,3.1647,0.4481,10.2098411048177,""
"284","19","Montipora capitata","Susceptible","October_2025",4.4934,5.1,0.606599999999999,13.8212220802999,"Modified wax weight, previous weight was overestimation"
"285","20","Montipora capitata","Resistant","October_2025",5.6296,6.7423,1.1127,25.352577990026,"May be an overestimation"
"286","26","Porites compressa","Resistant","October_2025",5.3606,5.8716,0.511,11.6430011260028,""
"287","27","Porites compressa","Susceptible","October_2025",8.6021,9.3335,0.731400000000001,16.6647573846545,""
"288","28","Porites compressa","Resistant","October_2025",2.6409,2.9285,0.2876,6.55289065330411,""
"289","29","Porites compressa","Susceptible","October_2025",3.901,4.403,0.502,11.4379384838618,""
"290","41","Porites compressa","Susceptible","October_2025",4.4487,4.8812,0.4325,9.85439919177338,""
"291","42","Porites compressa","Resistant","October_2025",5.9902,6.7383,0.7481,17.045262509516,""
"292","43","Porites compressa","Susceptible","October_2025",4.1733,4.6989,0.5256,11.9756583010314,""
"293","44","Porites compressa","Resistant","October_2025",3.4543,3.8723,0.418,9.5240204905463,""
"294","201","Montipora capitata","Susceptible","October_2025",3.8172,4.5268,0.7096,16.168050095913,"May be an overestimation"
"295","202","Montipora capitata","Resistant","October_2025",2.7876,3.2882,0.5006,11.4060398506399,"May be an overestimation"
"296","203","Montipora capitata","Susceptible","October_2025",3.119,3.6,0.481,10.9594589855329,"Modified wax weight, previous weight was overestimation"
"297","204","Montipora capitata","Resistant","October_2025",2.0119,2.3979,0.386,8.79490887404514,""
"298","205","Montipora capitata","Susceptible","October_2025",3.0924,3.9459,0.8535,19.4467738963666,""
"299","206","Montipora capitata","Resistant","October_2025",2.8401,3.3,0.4599,10.4787010134025,"Modified wax weight, previous weight was overestimation"
"300","209","Montipora capitata","Susceptible","October_2025",2.6935,3.2544,0.5609,12.7799595529843,""
"301","210","Montipora capitata","Resistant","October_2025",5.8454,6.7144,0.869000000000001,19.7999373356094,"May be an overestimation"
"302","211","Montipora capitata","Susceptible","October_2025",1.4755,1.9621,0.4866,11.0870535184206,""
"303","213","Montipora capitata","Susceptible","October_2025",2.3337,3.2647,0.931,21.2125910925804,""
"304","214","Montipora capitata","Resistant","October_2025",3.5887,3.9145,0.3258,7.42326764550235,""
"305","221","Montipora capitata","Susceptible","October_2025",6.3825,7.1347,0.752199999999999,17.1386799353802,"May be an overestimation"
"306","225","Porites compressa","Susceptible","October_2025",3.4926,3.8635,0.3709,8.45085933000867,""
"307","226","Porites compressa","Resistant","October_2025",3.5857,4.0994,0.5137,11.704519918645,""
"308","233","Porites compressa","Susceptible","October_2025",2.8718,3.2154,0.3436,7.82883598218111,""
"309","234","Porites compressa","Resistant","October_2025",6.4252,7.1639,0.7387,16.8310859721688,""
"310","235","Porites compressa","Susceptible","October_2025",3.2737,3.6328,0.3591,8.18199942142386,""
"311","236","Porites compressa","Resistant","October_2025",7.2938,8.1209,0.827100000000001,18.8452568127532,""
"312","237","Porites compressa","Susceptible","October_2025",2.491,2.7665,0.2755,6.2771953233146,""
"313","238","Porites compressa","Resistant","October_2025",3.7753,4.209,0.4337,9.88174087739216,""
"314","239","Porites compressa","Susceptible","October_2025",3.099,3.4298,0.3308,7.53719133558065,""
"315","240","Porites compressa","Resistant","October_2025",7.0386,7.6926,0.654,14.9012186622423,""
"316","241","Porites compressa","Susceptible","October_2025",3.0255,3.3616,0.3361,7.65795044706366,""
"317","242","Porites compressa","Resistant","October_2025",2.1633,2.4746,0.3113,7.09288894427527,""
"318","243","Porites compressa","Susceptible","October_2025",3.7939,4.1396,0.3457,7.876683932014,""
"319","244","Porites compressa","Resistant","October_2025",6.6574,7.3389,0.6815,15.527798957673,"May be an overestimation"
"320","247","Porites compressa","Susceptible","October_2025",4.867,5.3772,0.5102,11.6247733355902,""
"321","248","Porites compressa","Resistant","October_2025",6.7742,7.5682,0.794,18.0910819844348,""
